area_code,representative_zip,city,region,country
201,07304,Jersey City,New Jersey,United States
202,20005,Washington,District of Columbia,United States
203,06511,New Haven,Connecticut,United States
204,R2C2W4,Winnipeg,Manitoba,Canada
205,35204,Birmingham,Alabama,United States
206,98154,Seattle,Washington,United States
207,04345,Gardiner,Maine,United States
208,83401,Idaho Falls,Idaho,United States
209,95242,Lodi,California,United States
210,78206,San Antonio,Texas,United States
212,10010,New York,New York,United States
213,90044,Los Angeles,California,United States
214,75398,Dallas,Texas,United States
215,19107,Philadelphia,Pennsylvania,United States
216,44126,Cleveland,Ohio,United States
217,62522,Decatur,Illinois,United States
218,56762,Warren,Minnesota,United States
219,46407,Gary,Indiana,United States
224,60048,Libertyville,Illinois,United States
225,70814,Baton Rouge,Louisiana,United States
228,39562,Moss Point,Mississippi,United States
229,31757,Thomasville,Georgia,United States
231,49305,Barryton,Michigan,United States
234,44410,Cortland,Ohio,United States
239,34112,Naples,Florida,United States
240,20680,Ridge,Maryland,United States
248,48075,Southfield,Michigan,United States
250,V0B1A0,Boswell,British Columbia,Canada
251,36528,Dauphin Island,Alabama,United States
252,27804,Rocky Mount,North Carolina,United States
253,98372,Puyallup,Washington,United States
254,76541,Killeen,Texas,United States
256,35016,Arab,Alabama,United States
260,47369,Pennville,Indiana,United States
262,53066,Oconomowoc,Wisconsin,United States
267,18917,Dublin,Pennsylvania,United States
269,49053,Galesburg,Michigan,United States
270,42754,Leitchfield,Kentucky,United States
276,24382,Wytheville,Virginia,United States
281,77084,Houston,Texas,United States
301,20607,Accokeek,Maryland,United States
302,19958,Lewes,Delaware,United States
303,80012,Aurora,Colorado,United States
304,25202,Tornado,West Virginia,United States
305,33122,Miami,Florida,United States
306,S7K8B7,Saskatoon,Saskatchewan,Canada
307,83001,Jackson,Wyoming,United States
308,68622,Bartlett,Nebraska,United States
309,61603,Peoria,Illinois,United States
310,90249,Gardena,California,United States
312,60661,Chicago,Illinois,United States
313,48204,Detroit,Michigan,United States
314,63129,Saint Louis,Missouri,United States
315,13202,Syracuse,New York,United States
316,67010,Augusta,Kansas,United States
317,46204,Indianapolis,Indiana,United States
318,71303,Alexandria,Louisiana,United States
319,52641,Mount Pleasant,Iowa,United States
320,56385,Villard,Minnesota,United States
321,32805,Orlando,Florida,United States
323,90014,Los Angeles,California,United States
325,76802,Early,Texas,United States
330,44691,Wooster,Ohio,United States
331,60134,Geneva,Illinois,United States
334,36312,Ashford,Alabama,United States
336,28668,Roaring Gap,North Carolina,United States
337,70515,Basile,Louisiana,United States
339,02043,Hingham,Massachusetts,United States
340,00802,St Thomas,U.S. Virgin Islands,United States
347,11238,Brooklyn,New York,United States
351,01923,Danvers,Massachusetts,United States
352,34608,Spring Hill,Florida,United States
360,98632,Longview,Washington,United States
361,77905,Victoria,Texas,United States
386,32148,Interlachen,Florida,United States
401,02893,West Warwick,Rhode Island,United States
402,68370,Hebron,Nebraska,United States
403,T2E6M4,Calgary,Alberta,Canada
404,30308,Atlanta,Georgia,United States
405,73195,Oklahoma City,Oklahoma,United States
406,59347,Rosebud,Montana,United States
407,32792,Winter Park,Florida,United States
408,95131,San Jose,California,United States
409,75979,Woodville,Texas,United States
410,21601,Easton,Maryland,United States
412,15272,Pittsburgh,Pennsylvania,United States
413,01026,Cummington,Massachusetts,United States
414,53205,Milwaukee,Wisconsin,United States
415,94105,San Francisco,California,United States
416,M6E4E5,York,Ontario,Canada
417,65624,Cape Fair,Missouri,United States
418,G0R3L0,Sainte-lucie-de-beauregard,Quebec,Canada
419,43452,Port Clinton,Ohio,United States
423,37813,Morristown,Tennessee,United States
424,90250,Hawthorne,California,United States
425,98154,Seattle,Washington,United States
430,75501,Texarkana,Texas,United States
432,79718,Balmorhea,Texas,United States
434,24503,Lynchburg,Virginia,United States
435,84098,Park City,Utah,United States
440,44147,Broadview Heights,Ohio,United States
443,21202,Baltimore,Maryland,United States
469,75251,Dallas,Texas,United States
478,31211,Macon,Georgia,United States
479,72704,Fayetteville,Arkansas,United States
480,85021,Phoenix,Arizona,United States
484,19425,Chester Springs,Pennsylvania,United States
501,72132,Redfield,Arkansas,United States
502,40068,Smithfield,Kentucky,United States
503,97203,Portland,Oregon,United States
504,70149,New Orleans,Louisiana,United States
505,88220,Carlsbad,New Mexico,United States
506,R3C2E7,Winnipeg,Manitoba,Canada
507,55975,Spring Valley,Minnesota,United States
508,01701,Framingham,Massachusetts,United States
509,99362,Walla Walla,Washington,United States
510,94615,Oakland,California,United States
512,76530,Granger,Texas,United States
513,45214,Cincinnati,Ohio,United States
514,J2T1V2,Saint-hyacinthe,Quebec,Canada
515,50511,Algona,Iowa,United States
516,11717,Brentwood,New York,United States
517,49252,Litchfield,Michigan,United States
518,12903,Plattsburgh,New York,United States
519,N0M2J0,Lucan,Ontario,Canada
520,85292,Winkelman,Arizona,United States
530,96021,Corning,California,United States
540,24061,Blacksburg,Virginia,United States
541,97520,Ashland,Oregon,United States
551,07311,Jersey City,New Jersey,United States
559,93645,O Neals,California,United States
561,33480,Palm Beach,Florida,United States
562,90813,Long Beach,California,United States
563,52136,Cresco,Iowa,United States
567,43420,Fremont,Ohio,United States
570,18766,Wilkes Barre,Pennsylvania,United States
571,22027,Dunn Loring,Virginia,United States
573,63780,Scott City,Missouri,United States
574,46526,Goshen,Indiana,United States
580,74729,Caddo,Oklahoma,United States
585,14445,East Rochester,New York,United States
586,48043,Mount Clemens,Michigan,United States
601,39203,Jackson,Mississippi,United States
602,85013,Phoenix,Arizona,United States
603,03102,Manchester,New Hampshire,United States
604,T0J2V0,Rosedale Station,Alberta,Canada
605,57623,Dupree,South Dakota,United States
606,41501,Pikeville,Kentucky,United States
607,14881,Slaterville Springs,New York,United States
608,53546,Janesville,Wisconsin,United States
609,08079,Salem,New Jersey,United States
610,19074,Norwood,Pennsylvania,United States
612,55421,Minneapolis,Minnesota,United States
613,K2E7E8,Nepean,Ontario,Canada
614,43201,Columbus,Ohio,United States
615,37203,Nashville,Tennessee,United States
616,49347,Trufant,Michigan,United States
617,02138,Cambridge,Massachusetts,United States
618,62901,Carbondale,Illinois,United States
619,92134,San Diego,California,United States
620,67502,Hutchinson,Kansas,United States
623,85004,Phoenix,Arizona,United States
626,90071,Los Angeles,California,United States
630,60540,Naperville,Illinois,United States
631,11715,Blue Point,New York,United States
636,63044,Bridgeton,Missouri,United States
641,50401,Mason City,Iowa,United States
646,10010,New York,New York,United States
650,94403,San Mateo,California,United States
651,55426,Minneapolis,Minnesota,United States
660,64730,Butler,Missouri,United States
661,93550,Palmdale,California,United States
662,38646,Marks,Mississippi,United States
671,96919,Agana Heights,Guam,United States
678,30507,Gainesville,Georgia,United States
682,76102,Fort Worth,Texas,United States
684,96799,Pago Pago,American Samoa,United States
701,58104,Fargo,North Dakota,United States
702,89106,Las Vegas,Nevada,United States
703,22205,Arlington,Virginia,United States
704,28280,Charlotte,North Carolina,United States
705,L9P1R2,Uxbridge,Ontario,Canada
706,30528,Cleveland,Georgia,United States
707,94574,Saint Helena,California,United States
708,60827,Riverdale,Illinois,United States
709,E1C1B9,Moncton,New Brunswick,Canada
712,51002,Alta,Iowa,United States
713,77002,Houston,Texas,United States
714,92704,Santa Ana,California,United States
715,54909,Almond,Wisconsin,United States
716,14280,Buffalo,New York,United States
717,17047,Loysville,Pennsylvania,United States
718,11238,Brooklyn,New York,United States
719,80909,Colorado Springs,Colorado,United States
720,80014,Aurora,Colorado,United States
724,16117,Ellwood City,Pennsylvania,United States
727,33755,Clearwater,Florida,United States
731,38382,Trenton,Tennessee,United States
732,08846,Middlesex,New Jersey,United States
734,48185,Westland,Michigan,United States
740,43003,Ashley,Ohio,United States
754,33019,Hollywood,Florida,United States
757,23708,Portsmouth,Virginia,United States
760,92260,Palm Desert,California,United States
763,55441,Minneapolis,Minnesota,United States
765,46923,Delphi,Indiana,United States
769,39320,Bailey,Mississippi,United States
770,30127,Powder Springs,Georgia,United States
772,34983,Port Saint Lucie,Florida,United States
773,60654,Chicago,Illinois,United States
774,02035,Foxboro,Massachusetts,United States
775,89501,Reno,Nevada,United States
779,60481,Wilmington,Illinois,United States
781,02067,Sharon,Massachusetts,United States
785,67410,Abilene,Kansas,United States
786,33128,Miami,Florida,United States
787,00924,San Juan,Puerto Rico,United States
801,84106,Salt Lake City,Utah,United States
802,05820,Albany,Vermont,United States
803,29201,Columbia,South Carolina,United States
804,23232,Richmond,Virginia,United States
805,93035,Oxnard,California,United States
806,79331,Lamesa,Texas,United States
807,P8T1H3,Sioux Lookout,Ontario,Canada
808,96817,Honolulu,Hawaii,United States
810,48469,Port Sanilac,Michigan,United States
812,47803,Terre Haute,Indiana,United States
813,33605,Tampa,Florida,United States
814,16602,Altoona,Pennsylvania,United States
815,61301,La Salle,Illinois,United States
816,64105,Kansas City,Missouri,United States
817,76012,Arlington,Texas,United States
818,90028,Los Angeles,California,United States
819,R2G2T5,Winnipeg,Manitoba,Canada
828,28741,Highlands,North Carolina,United States
830,78064,Pleasanton,Texas,United States
831,93906,Salinas,California,United States
832,77056,Houston,Texas,United States
843,29424,Charleston,South Carolina,United States
845,10965,Pearl River,New York,United States
847,60073,Round Lake,Illinois,United States
848,08863,Fords,New Jersey,United States
850,32547,Fort Walton Beach,Florida,United States
856,08097,Woodbury Heights,New Jersey,United States
857,02152,Winthrop,Massachusetts,United States
858,92092,La Jolla,California,United States
859,40475,Richmond,Kentucky,United States
860,06791,Harwinton,Connecticut,United States
862,07442,Pompton Lakes,New Jersey,United States
863,33825,Avon Park,Florida,United States
864,29325,Clinton,South Carolina,United States
865,37902,Knoxville,Tennessee,United States
867,X0E0N0,Fort Simpson,Northwest Territories,Canada
870,71852,Nashville,Arkansas,United States
878,15692,Westmoreland City,Pennsylvania,United States
901,38126,Memphis,Tennessee,United States
902,V9R5K3,Nanaimo,British Columbia,Canada
903,76233,Collinsville,Texas,United States
904,32206,Jacksonville,Florida,United States
905,L3P3J3,Markham,Ontario,Canada
906,49958,Pelkie,Michigan,United States
907,99686,Valdez,Alaska,United States
908,08817,Edison,New Jersey,United States
909,92337,Fontana,California,United States
910,28412,Wilmington,North Carolina,United States
912,31513,Baxley,Georgia,United States
913,66054,Mc Louth,Kansas,United States
914,10710,Yonkers,New York,United States
915,79902,El Paso,Texas,United States
916,95628,Fair Oaks,California,United States
917,10010,New York,New York,United States
918,74103,Tulsa,Oklahoma,United States
919,27344,Siler City,North Carolina,United States
920,54915,Appleton,Wisconsin,United States
925,94568,Dublin,California,United States
928,85539,Miami,Arizona,United States
931,38572,Crossville,Tennessee,United States
936,77351,Livingston,Texas,United States
937,45469,Dayton,Ohio,United States
939,00601,Adjuntas,Puerto Rico,United States
940,79502,Aspermont,Texas,United States
941,34205,Bradenton,Florida,United States
947,48462,Ortonville,Michigan,United States
949,92806,Anaheim,California,United States
951,92562,Murrieta,California,United States
952,55430,Minneapolis,Minnesota,United States
954,33394,Fort Lauderdale,Florida,United States
956,78550,Harlingen,Texas,United States
970,81503,Grand Junction,Colorado,United States
971,97027,Gladstone,Oregon,United States
972,75159,Seagoville,Texas,United States
973,07424,Little Falls,New Jersey,United States
978,01718,Village Of Nagog Woods,Massachusetts,United States
979,77836,Caldwell,Texas,United States
980,28244,Charlotte,North Carolina,United States
985,70461,Slidell,Louisiana,United States
989,48650,Pinconning,Michigan,United States
